{"q+DBL6Ip/DUrNNhuYzaAOQ==":"mbr.jpg","gsjYRdHRUVZKKoL5D2DVIg==":"mbr.jpeg","Jvd/Hv+E6dzGxsxf1OSMGw==":"mbr-1.jpg","Rkh6VN1geuklqasa+Hps8w==":"mbr-2.jpg","OgtCKla7ZhzAplY/dXMFRQ==":"mbr-3.jpg","7cAX25vTViPzsEpxKtfgnw==":"mbr-4.jpg","Bzg68IuBcRh9sFO8XLZmEQ==":"mbr-5.jpg","3L8x5ialuZVROWzapuz4nA==":"mbr-6.jpg","5Yxz1Ro3xgEvJK27QZYsvA==":"mbr-1.jpeg","orRrDp0O7uYYPUWXMASTrg==":"mbr-2.jpeg","hNnJ/ah4jJ+gnKLIjKCM+Q==":"mbr-3.jpeg","8lvp9ISHPOav0iH8GHzE5A==":"mbr-596x397.jpg","ljMc8rY288HTs4FaG7cnNw==":"unnamed-11.webp","Ri55Ikg34EEcHRayb7BquQ==":"image-27-768x510.webp","G3JIZbrXXLwdPhX4xCwDUA==":"image-16-1-768x512.webp","uirxClAqH1rqAR9AeNbYwA==":"image-3-1-768x509.webp","RilMNwYbBdl2PAnqD1XsmA==":"limo-inside-1-768x506.webp"}